{
  "project_info": {
    "project_number": "985820285106",
    "project_id": "fleet-3818b",
    "storage_bucket": "fleet-3818b.appspot.com"
  },
  "client": [
    {
      "client_info": {
        "mobilesdk_app_id": "1:985820285106:android:6017073a5590692129a1ab",
        "android_client_info": {
          "package_name": "com.antares.fleetservice"
        }
      },
      "oauth_client": [
        {
          "client_id": "985820285106-82m75p81u3gir903k58vmttia4cr9889.apps.googleusercontent.com",
          "client_type": 3
        }
      ],
      "api_key": [
        {
          "current_key": "AIzaSyDxT9kuAFRHKk14nkAFWiNAJoDrAY_J50k"
        }
      ],
      "services": {
        "appinvite_service": {
          "other_platform_oauth_client": [
            {
              "client_id": "985820285106-82m75p81u3gir903k58vmttia4cr9889.apps.googleusercontent.com",
              "client_type": 3
            }
          ]
        }
      }
    },
    {
      "client_info": {
        "mobilesdk_app_id": "1:985820285106:android:1921a0b7f39f89d329a1ab",
        "android_client_info": {
          "package_name": "com.antares.fleetservice.demo"
        }
      },
      "oauth_client": [
        {
          "client_id": "985820285106-82m75p81u3gir903k58vmttia4cr9889.apps.googleusercontent.com",
          "client_type": 3
        }
      ],
      "api_key": [
        {
          "current_key": "AIzaSyDxT9kuAFRHKk14nkAFWiNAJoDrAY_J50k"
        }
      ],
      "services": {
        "appinvite_service": {
          "other_platform_oauth_client": [
            {
              "client_id": "985820285106-82m75p81u3gir903k58vmttia4cr9889.apps.googleusercontent.com",
              "client_type": 3
            }
          ]
        }
      }
    },
    {
      "client_info": {
        "mobilesdk_app_id": "1:985820285106:android:b12420f55959753429a1ab",
        "android_client_info": {
          "package_name": "com.antares.fleetservice.test"
        }
      },
      "oauth_client": [
        {
          "client_id": "985820285106-82m75p81u3gir903k58vmttia4cr9889.apps.googleusercontent.com",
          "client_type": 3
        }
      ],
      "api_key": [
        {
          "current_key": "AIzaSyDxT9kuAFRHKk14nkAFWiNAJoDrAY_J50k"
        }
      ],
      "services": {
        "appinvite_service": {
          "other_platform_oauth_client": [
            {
              "client_id": "985820285106-82m75p81u3gir903k58vmttia4cr9889.apps.googleusercontent.com",
              "client_type": 3
            }
          ]
        }
      }
    }
  ],
  "configuration_version": "1"
}